turbine,controllertime,modifiedtime,turok,atpwrin,atpwrout,reactpwrin,reactpwrout
"BA882E94-8620-4249-AE5E-00951053EAFF","2024-02-15T23:40:00","2024-02-15T18:24:00",123683.8,17611.0,19174585.0,83977.0,1688154.0
"9152DDD3-FBF3-41FA-81B4-01407B25F5AA","2024-02-15T23:40:00","2024-02-15T18:20:00",93914.6,42335.0,41437715.0,1489497.0,1265496.0
"BED8687F-E06F-485D-8C9B-01A09FF179FE","2024-02-15T23:40:00","2024-02-15T18:18:00",126771.6,36733.0,39832768.0,905144.0,1005774.0
"A7AA74FE-A1CE-4487-A786-06DE12BA7600","2024-02-15T23:40:00","2024-02-15T18:19:00",110712.9,34726.0,41668080.0,1018590.0,1801186.0
"DF54CC6B-A0FB-4336-A67D-0758ACAA4487","2024-02-16T00:00:00","2024-02-15T18:19:00",121389.0,37272.0,44859697.0,675388.0,1556141.0
"DF54CC6B-A0FB-4336-A67D-0758ACAA4487","2024-02-16T00:10:00","2024-02-15T18:19:00",121389.2,37272.0,44859713.0,675390.0,1556141.0
"442DEB69-9EA9-484E-ACBF-07C77008D35A","2024-02-15T23:40:00","2024-02-15T18:18:00",117972.1,44540.0,42763608.0,1043366.0,2088181.0
"E8B1137D-FFB1-4FF9-8520-0A50D4D3A623","2024-02-15T23:40:00","2024-02-15T18:19:00",118914.2,36557.0,41073303.0,704551.0,2528928.0
"BD7F49C1-5468-4C1A-9A7C-0B6C117F43E0","2024-02-15T23:40:00","2024-02-15T18:20:00",119341.5,42080.0,36044726.0,497790.0,928682.0
"ADA2A224-4D77-4A99-AB87-0CA8B9D8C5AC","2024-02-15T23:40:00","2024-02-15T18:20:00",126560.9,48618.0,33677204.0,447872.0,1022797.0
"10D1473B-F3A7-4B2C-B4B1-0D1D55163E86","2024-02-15T23:40:00","2024-02-15T18:20:00",130165.5,16576.0,39046919.0,751182.0,1041850.0
"C9A8525B-DF11-4DF1-B309-0D60E0D4D5F0","2024-02-15T23:40:00","2024-02-15T18:24:00",25109.4,13734.0,3482805.0,102889.0,234738.0
"D6CEDF93-A361-4AFB-8B0F-0DF7897DB9E9","2024-02-15T23:40:00","2024-02-15T18:19:00",77541.4,8488.0,35337082.0,886911.0,1224933.0
"D4634865-0AD5-454A-93BD-113D3F574D63","2024-02-15T23:30:00","2024-02-15T18:20:00",15430.8,10060.0,1602266.0,49811.0,96206.0
"2999BE94-95E4-459B-9DAD-11A738B0E9DD","2024-02-15T23:50:00","2024-02-15T18:23:00",102716.0,11670.0,17490278.0,490017.0,1002249.0
"8D07E8C1-141B-4459-AD5A-17852E94720A","2024-02-15T23:40:00","2024-02-15T18:18:00",83012.0,52301.0,22187876.0,387887.0,594660.0
"F5FB7400-C644-4AA2-B925-18C18F5D77E4","2024-02-16T00:00:00","2024-02-15T18:19:00",118846.6,16923.0,26889773.0,522193.0,2125799.0
"F5FB7400-C644-4AA2-B925-18C18F5D77E4","2024-02-16T00:10:00","2024-02-15T18:19:00",118846.7,16923.0,26889792.0,522197.0,2125807.0
"C9F64607-D55B-446E-9F8E-19E49937F54C","2024-02-15T23:40:00","2024-02-15T18:18:00",70013.1,13355.0,28758961.0,410889.0,911503.0
"79C33232-4527-428C-A36D-19E6EC62613D","2024-02-15T23:30:00","2024-02-15T18:18:00",47530.9,23292.0,13646866.0,244714.0,361155.0
"92FAF036-B705-4CB7-B9EF-1A0BDD05207A","2024-02-15T23:40:00","2024-02-15T18:19:00",94018.1,44097.0,39775134.0,899926.0,1271214.0
"C08BB920-4810-4331-9B9B-1B573769BE68","2024-02-15T23:20:00","2024-02-15T18:20:00",16437.3,12253.0,1932812.0,88544.0,121005.0
"C8775CE5-B132-435E-BEAE-1E30B3CFB894","2024-02-15T23:40:00","2024-02-15T18:19:00",105841.3,42865.0,41257563.0,627809.0,1323889.0
"63D386EF-7B6C-44CE-B3FA-1FA9FBD349C7","2024-02-15T23:40:00","2024-02-15T18:24:00",59533.7,21263.0,7891203.0,122449.0,1976719.0
"4810CE45-CE10-4BD6-BAB1-2060E81CC8EE","2024-02-15T23:40:00","2024-02-15T18:24:00",96603.6,21471.0,13325031.0,337464.0,2358216.0
"B4AAAB59-94C3-4045-A080-21CC22AB4595","2024-02-15T23:40:00","2024-02-15T18:20:00",130450.6,35546.0,43026426.0,569872.0,1196801.0
"AE06D32A-9EF2-4A69-ADF0-24E9E2D0111E","2024-02-15T23:40:00","2024-02-15T18:26:00",95750.8,33585.0,29181763.0,467329.0,1125213.0
"AE06D32A-9EF2-4A69-ADF0-24E9E2D0111E","2024-02-15T23:50:00","2024-02-15T18:26:00",95750.9,33585.0,29181827.0,467330.0,1125215.0
"B71FF0BB-227B-4189-A290-2543190B05E6","2024-02-15T23:40:00","2024-02-15T18:19:00",36992.1,30584.0,13086424.0,159843.0,431980.0
"3785DA89-BDF5-4DCD-BD4A-265C7DDDBBB8","2024-02-15T23:40:00","2024-02-15T18:20:00",97278.8,39555.0,35198312.0,844392.0,1627284.0
"9791FAE7-64D5-45B8-B489-27867EFB5D7D","2024-02-15T23:40:00","2024-02-15T18:19:00",65494.8,28733.0,25109927.0,844673.0,1062978.0
"89C834F0-9857-4775-AA1A-2DAE044FA4AC","2024-02-15T23:40:00","2024-02-15T18:24:00",115858.7,34784.0,39508800.0,454063.0,1470935.0
"89C834F0-9857-4775-AA1A-2DAE044FA4AC","2024-02-15T23:50:00","2024-02-15T18:24:00",115858.8,34784.0,39508831.0,454063.0,1470936.0
"58C126FA-9CA7-4915-ABFC-2DEBE29FB32C","2024-02-15T23:40:00","2024-02-15T18:19:00",71698.0,60287.0,18563742.0,417388.0,513822.0
"24207292-7C8A-4A70-A7AD-2E5CC789E623","2024-02-15T23:40:00","2024-02-15T18:18:00",119138.4,39560.0,42461503.0,1136142.0,2164986.0
"5786F562-6BC6-4363-B83C-2E8E5D9C290F","2024-02-15T23:40:00","2024-02-15T18:19:00",95620.1,44451.0,33447114.0,734556.0,1625807.0
"A279ABB3-1320-4678-A47B-2FA82E33217E","2024-02-15T23:40:00","2024-02-15T18:19:00",118008.5,33817.0,43605078.0,1297201.0,1484396.0
"48215950-9D66-4CBF-BBF7-2FBDEDDD204F","2024-02-15T23:40:00","2024-02-15T18:19:00",4996.8,2766.0,607836.0,16948.0,59746.0
"A9910BCE-45C5-4908-AD76-30C26D690DD5","2024-02-15T23:40:00","2024-02-15T18:19:00",115804.6,25773.0,41918606.0,631388.0,1555210.0
"E2E449E4-DD85-4484-864B-321D777987AB","2024-02-15T23:40:00","2024-02-15T18:19:00",118534.7,23308.0,40468601.0,886552.0,2088713.0
"27264B6E-3005-4A9C-ACD6-33E2FC421FAA","2024-02-15T23:40:00","2024-02-15T18:18:00",103026.1,42087.0,28776647.0,459088.0,775090.0
"388BF813-8C3E-4512-A3B9-33EE610BDDAE","2024-02-15T23:40:00","2024-02-15T18:18:00",129032.5,39482.0,41643039.0,768672.0,1098009.0
"3A80FEE5-4380-47D6-84A4-362CFF083ED6","2024-02-15T22:40:00","2024-02-15T18:20:00",28807.7,31876.0,10336836.0,187180.0,361906.0
"97E0B176-AD7C-4F13-83C2-3693B32E20FA","2024-02-15T23:40:00","2024-02-15T18:19:00",123854.8,33849.0,53178131.0,570981.0,2065430.0
"2A4A05F5-7C32-4829-BF66-394AC3C32E9E","2024-02-15T23:40:00","2024-02-15T18:24:00",125549.5,28317.0,20380157.0,278675.0,3076802.0
"1A589115-6300-40A7-AA38-39FA6AFF0C3F","2024-02-15T23:40:00","2024-02-15T18:22:00",121186.9,47243.0,38695662.0,562182.0,1556829.0
"C1DC4111-D1D1-4B97-B5A9-3A40BED43D37","2024-02-15T23:40:00","2024-02-15T18:19:00",109719.9,21376.0,38518291.0,713501.0,1863298.0
"B683C671-7279-4A03-A37C-3BD5FC0B1617","2024-02-15T23:30:00","2024-02-15T18:18:00",117331.4,39111.0,41044846.0,613810.0,1017850.0
"FD298C69-E56C-4198-95C7-3BFFBCEDF2DF","2024-02-15T23:40:00","2024-02-15T18:19:00",126715.5,19871.0,49814275.0,835423.0,1666588.0
"610F71AF-8979-40C9-B5E2-3CA1C68486A4","2024-02-15T23:40:00","2024-02-15T18:19:00",105739.6,11106.0,40118178.0,1385027.0,1302499.0
"84DAF43B-DB9B-40E9-8D9F-3CEE41C4657A","2024-02-15T23:50:00","2024-02-15T18:23:00",107671.6,14051.0,18940269.0,573731.0,1149971.0
"9056CD7F-B3ED-45BB-9F0F-3D6E1BEC267B","2024-02-15T23:20:00","2024-02-15T18:20:00",15918.8,8822.0,1525840.0,58649.0,122707.0
"DFF2A060-23FB-4544-996C-3D773BD458CA","2024-02-16T00:00:00","2024-02-15T18:19:00",1756.8,2000.0,87364.0,11354.0,20728.0
"DFF2A060-23FB-4544-996C-3D773BD458CA","2024-02-16T00:10:00","2024-02-15T18:19:00",1757.0,2000.0,87394.0,11360.0,20734.0
"A059649A-D916-4979-BF2E-3DDB160B1077","2024-02-15T23:50:00","2024-02-15T18:25:00",110933.8,23819.0,39337403.0,613470.0,1453367.0
"4B786525-48F9-40B2-889F-3E97C6193C7F","2024-02-15T23:40:00","2024-02-15T18:23:00",107168.2,12736.0,19636306.0,517253.0,1109683.0
"CF6B020B-DC71-493A-B80D-3FE8B7EFB4C0","2024-02-15T23:40:00","2024-02-15T18:23:00",66143.7,34293.0,21763559.0,383692.0,815021.0
"98D15AED-C8F9-43B5-B643-4222B065C274","2024-02-15T23:40:00","2024-02-15T18:19:00",114057.9,16463.0,42335043.0,788372.0,2236350.0
"C58241A1-804B-4DB8-A462-42983FCAC259","2024-02-15T23:40:00","2024-02-15T18:23:00",120735.6,23881.0,42282399.0,634446.0,1617203.0
"E4F723FE-8577-4181-8BC0-42B65C4E8F0F","2024-02-15T23:30:00","2024-02-15T18:19:00",18031.0,11863.0,1935876.0,80881.0,114154.0
"D53A9944-7A42-4E72-8C9A-4311E4BA084F","2024-02-15T23:40:00","2024-02-15T18:18:00",131636.5,9043.0,57279008.0,1291135.0,1803887.0
"5D79C887-A850-4259-BE17-434F73280F05","2024-02-15T23:40:00","2024-02-15T18:24:00",15299.7,10478.0,4778032.0,82874.0,174906.0
"8731E697-D98B-4F91-948D-43B568E63F4A","2024-02-15T23:40:00","2024-02-15T18:18:00",129495.7,17779.0,54037590.0,940817.0,2030036.0
"B664473E-D405-479D-9C1A-43BA49D1E403","2024-02-15T23:40:00","2024-02-15T18:25:00",21911.7,16510.0,7666630.0,103151.0,276123.0
"6201FBAC-A3BB-404A-A7BF-45AB63F40028","2024-02-15T23:40:00","2024-02-15T18:20:00",121507.9,25219.0,41916662.0,786354.0,1077267.0
"FBF55AFE-7102-45BB-AACD-463D0F1B6BAF","2024-02-15T23:40:00","2024-02-15T18:20:00",10686.6,7697.0,851985.0,41452.0,66285.0
"556FAAB6-BE52-4A43-ABFE-472B3C17D188","2024-02-15T23:40:00","2024-02-15T18:25:00",117271.2,24424.0,14923444.0,285528.0,2527151.0
"6EDA52F4-C0A2-4338-86BE-47DED02BBA24","2024-02-15T23:40:00","2024-02-15T18:19:00",106625.5,12874.0,25214266.0,669524.0,2462598.0
"934147A8-E455-4FAA-8A75-49245484A138","2024-02-16T00:10:00","2024-02-15T18:19:00",117660.0,36432.0,45054790.0,817996.0,1376868.0
"934147A8-E455-4FAA-8A75-49245484A138","2024-02-16T00:20:00","2024-02-15T18:19:00",117660.2,36432.0,45054807.0,817996.0,1376870.0
"C4594969-CE16-4C20-8A1D-49A45ACD5EB5","2024-02-15T23:30:00","2024-02-15T18:18:00",25384.7,28376.0,5886554.0,100490.0,169251.0
"B5BA4C2D-338E-4D3A-80F8-4AF09223EB49","2024-02-15T22:40:00","2024-02-15T18:19:00",45505.0,25868.0,18230277.0,579713.0,618812.0
"8EF08BE6-4EF9-4A93-8866-4BF91538AA4E","2024-02-15T23:50:00","2024-02-15T18:24:00",8298.6,8212.0,2594060.0,31058.0,104292.0
"6393F44A-443D-450A-B46A-4D3194560810","2024-02-15T23:40:00","2024-02-15T18:20:00",2882.7,2336.0,55098.0,8987.0,7796.0
"8CEBD0FF-2577-4B6A-BCB4-4D5C907C1F8A","2024-02-15T23:40:00","2024-02-15T18:19:00",66458.1,21812.0,25534380.0,329545.0,1000188.0
"D6D52C66-17DA-46CD-B004-4DC5D4045655","2024-02-15T23:30:00","2024-02-15T18:18:00",128029.6,49275.0,36694278.0,622159.0,1036408.0
"8A774CD0-169F-46F8-8DEE-4E61662341C6","2024-02-15T23:50:00","2024-02-15T18:25:00",124458.8,29860.0,19753825.0,372847.0,2856700.0
"50B2F6A6-2C14-48A4-A31F-50011512DC61","2024-02-15T23:40:00","2024-02-15T18:20:00",130282.9,37856.0,45774131.0,646323.0,1133051.0
"185249C9-7D67-4681-B092-502C4E2F8BDD","2024-02-16T00:00:00","2024-02-15T18:19:00",113057.1,18243.0,25852160.0,516188.0,1882051.0
"185249C9-7D67-4681-B092-502C4E2F8BDD","2024-02-16T00:10:00","2024-02-15T18:19:00",113057.3,18245.0,25852170.0,516188.0,1882051.0
"D55C138D-15D6-4574-8077-518530375406","2024-02-16T00:00:00","2024-02-15T18:19:00",135253.0,16092.0,31625850.0,752629.0,2197719.0
"D55C138D-15D6-4574-8077-518530375406","2024-02-16T00:10:00","2024-02-15T18:19:00",135253.1,16094.0,31625864.0,752631.0,2197725.0
"5433CF2B-FE8A-4B71-92E8-51EAFAD939EB","2024-02-15T23:40:00","2024-02-15T18:20:00",93143.3,39026.0,36881934.0,887620.0,1129688.0
"B94F48A5-D214-4284-A91E-52BFD3ACE2D7","2024-02-15T23:40:00","2024-02-15T18:18:00",118846.0,22497.0,41539879.0,808015.0,2154991.0
"2D2F2636-FCEC-42AB-9094-52EBDC02F28A","2024-02-15T23:40:00","2024-02-15T18:18:00",130080.2,8954.0,58994676.0,1030578.0,1676591.0
"69C92D2D-BACB-47CC-BD53-53B9F738045C","2024-02-15T23:40:00","2024-02-15T18:24:00",116186.0,15699.0,38698117.0,503532.0,975745.0
"872F4195-5291-4659-A4CB-53F9DD2FB4D9","2024-02-15T23:40:00","2024-02-15T18:19:00",114297.6,37531.0,40634589.0,821134.0,2244003.0
"BA6288BC-6093-405A-99C3-543A75029952","2024-02-15T23:40:00","2024-02-15T18:19:00",125905.9,2456.0,48671678.0,2001.0,4326.0
"75D7D6B7-63A2-41B2-9750-54AAD9C10BC9","2024-02-15T23:40:00","2024-02-15T18:20:00",129431.1,43349.0,38193445.0,543127.0,1209376.0
"C869F076-B670-41B9-91A6-580B03EEB207","2024-02-15T23:20:00","2024-02-15T18:20:00",138927.1,33751.0,17062893.0,318536.0,2682592.0
"C569A344-AAFF-48DF-ABCD-58E19023240A","2024-02-15T23:40:00","2024-02-15T18:24:00",78217.1,22341.0,12098683.0,250839.0,2059352.0
"AD71D274-113E-4288-99EE-592440F292B7","2024-02-15T23:40:00","2024-02-15T18:20:00",12180.8,7110.0,1172702.0,51537.0,73735.0
"15EBFAF4-74B8-43A2-AB6C-59C1CA7A2641","2024-02-15T23:40:00","2024-02-15T18:25:00",111010.9,20386.0,15051572.0,290129.0,2165798.0
"6584A4D2-9745-4DA2-8968-5A7A58E5261E","2024-02-15T23:40:00","2024-02-15T18:23:00",116526.0,30976.0,44603576.0,528436.0,1855398.0
"64EA7DDF-2089-48BF-89F9-5D5878C11F0A","2024-02-15T23:40:00","2024-02-15T18:25:00",1832.5,1869.0,102680.0,2702.0,5721.0
"C850986B-E1A8-478F-AB83-5F6AC9B4F3AE","2024-02-15T23:10:00","2024-02-15T18:19:00",139148.4,35761.0,16523534.0,367430.0,2454086.0
"6AB83CF3-FF76-45F2-B8FA-5FFBC3EF7486","2024-02-15T23:40:00","2024-02-15T18:20:00",119582.0,31544.0,40372047.0,1091377.0,881456.0
"659F9FDD-3065-4ED3-97B7-61816E008828","2024-02-15T23:40:00","2024-02-15T18:18:00",93283.7,40027.0,25124850.0,800656.0,609458.0
"81CE857F-5CB1-4FF1-9B01-63A16E2A00F8","2024-02-15T23:40:00","2024-02-15T18:18:00",123496.1,16049.0,53429644.0,1199179.0,2016177.0
"4A53E949-7451-42CA-9F5E-63C254D2BF73","2024-02-15T23:40:00","2024-02-15T18:19:00",96554.4,24915.0,31546654.0,1061194.0,1026162.0
"7F00C3C2-D38B-47D9-AAFB-64080C48E92B","2024-02-15T23:50:00","2024-02-15T18:24:00",99487.1,11536.0,19798399.0,466593.0,1197098.0
"A719EDD6-49F4-43E8-A4B7-67658BCE8DBE","2024-02-15T23:40:00","2024-02-15T18:20:00",130375.0,46847.0,38792182.0,1043272.0,978381.0
"DC828822-3999-40AA-A165-67A2B670A236","2024-02-15T23:30:00","2024-02-15T18:18:00",79013.6,61720.0,22316181.0,523339.0,561275.0
"B265733B-B415-4DA1-B9C6-681D478C90E4","2024-02-15T23:50:00","2024-02-15T18:23:00",99258.0,10270.0,19760818.0,576715.0,1029961.0
"6EF82797-7DE2-442C-B5C4-684EE5DC7A4F","2024-02-15T23:30:00","2024-02-15T18:18:00",78822.1,53013.0,23871782.0,457234.0,586862.0
"75DAEEDF-F1F6-4BC0-A06E-69C1840B00AE","2024-02-15T23:50:00","2024-02-15T18:23:00",101853.9,9929.0,18812185.0,472112.0,1043545.0
"FE0BBDF5-E5CC-430C-A4A8-6A0BD03FE599","2024-02-15T23:40:00","2024-02-15T18:20:00",120402.8,45024.0,34532844.0,476504.0,921235.0
"C823B2AE-0A70-4435-BEA1-6B5370D1BA2C","2024-02-15T23:40:00","2024-02-15T18:20:00",129722.8,31886.0,39095715.0,701557.0,1006330.0
"3A66E13F-DA23-451B-808B-6BB477F0953E","2024-02-15T23:40:00","2024-02-15T18:19:00",118677.1,17679.0,38815662.0,723436.0,2399796.0
"08225385-2C81-40AE-84BE-6D17D1A53B7F","2024-02-15T23:40:00","2024-02-15T18:18:00",118323.2,38616.0,43675093.0,1002150.0,1869272.0
"BD64927D-91D8-4258-8514-6D5DC96625A1","2024-02-15T23:40:00","2024-02-15T18:20:00",119855.1,40242.0,39428453.0,779367.0,886367.0
"EF695499-75FA-4D01-8F9A-6D8CC0499FB5","2024-02-15T23:40:00","2024-02-15T18:25:00",111746.8,31903.0,38966431.0,538855.0,1531092.0
"EF695499-75FA-4D01-8F9A-6D8CC0499FB5","2024-02-15T23:50:00","2024-02-15T18:25:00",111746.9,31903.0,38966481.0,538856.0,1531094.0
"BEA65232-0B35-4CC4-82BC-6DDBF58F716F","2024-02-15T23:40:00","2024-02-15T18:19:00",93317.3,33017.0,40412235.0,1094864.0,1230012.0
"D96E68BE-D1AC-4E65-8745-6E34FE64802B","2024-02-15T23:40:00","2024-02-15T18:24:00",115151.3,8025.0,41492514.0,249780.0,508234.0
"E6379F4D-7A09-43A5-BA80-7092A72840AF","2024-02-15T23:40:00","2024-02-15T18:25:00",111666.5,22739.0,13813859.0,330459.0,2326433.0
"6CCFE64A-9F06-409F-900B-70AE43A87E8E","2024-02-15T23:40:00","2024-02-15T18:20:00",139489.3,31525.0,17535933.0,412893.0,2124870.0
"99808050-759A-4260-8042-70B486687435","2024-02-15T23:40:00","2024-02-15T18:24:00",125905.6,30425.0,19028402.0,331906.0,2712835.0
"1791BA43-A023-4CE4-8168-712B3F559188","2024-02-15T23:40:00","2024-02-15T18:20:00",109434.9,50883.0,41592895.0,648714.0,1355436.0
"100268A7-0A2C-4D67-B378-72FAE2A62F64","2024-02-15T23:30:00","2024-02-15T18:19:00",12155.6,6935.0,1205318.0,54881.0,77005.0
"1BD42526-6E50-4864-850B-736FF47376A8","2024-02-15T23:40:00","2024-02-15T18:20:00",109049.1,37057.0,33639708.0,694824.0,811036.0
"C444D696-C4A4-43E4-A280-739A70FF556C","2024-02-15T23:40:00","2024-02-15T18:19:00",120997.5,28073.0,52791938.0,858493.0,1775902.0
"38F322E2-0B70-4F82-9E03-73B89FEF4897","2024-02-16T00:00:00","2024-02-15T18:19:00",104465.4,12363.0,38048476.0,1176443.0,1106672.0
"38F322E2-0B70-4F82-9E03-73B89FEF4897","2024-02-16T00:10:00","2024-02-15T18:19:00",104465.6,12364.0,38048482.0,1176443.0,1106672.0
"F7DDEB93-6769-4932-B55A-750D54C91E74","2024-02-15T23:40:00","2024-02-15T18:24:00",115592.0,35727.0,40033777.0,415088.0,1451334.0
"BD20FAE1-3C32-4A3E-8EC0-75C49C7CA876","2024-02-15T23:40:00","2024-02-15T18:20:00",97119.7,54585.0,26890461.0,675593.0,643983.0
"6CBD85C4-9A21-47E9-839D-77AD77EC3DA9","2024-02-15T23:40:00","2024-02-15T18:24:00",16504.4,15384.0,5209224.0,72817.0,182250.0
"6CBD85C4-9A21-47E9-839D-77AD77EC3DA9","2024-02-15T23:50:00","2024-02-15T18:24:00",16504.6,15384.0,5209289.0,72818.0,182253.0
"B79B0321-7A21-4A82-9BC2-77DAA8599693","2024-02-15T23:30:00","2024-02-15T18:18:00",92247.6,39290.0,28056651.0,530647.0,668645.0
"44EADAA4-7919-4896-B6CD-77E547D6D175","2024-02-15T23:40:00","2024-02-15T18:22:00",103846.1,16061.0,18191849.0,448793.0,1058589.0
"6422F501-25C3-4664-A700-79625A2EAA79","2024-02-15T23:40:00","2024-02-15T18:18:00",118902.3,30977.0,42394037.0,1265817.0,1955219.0
"A5DAEA24-1BD6-4CBA-A066-7BF279E1B270","2024-02-15T23:20:00","2024-02-15T18:20:00",11207.9,5920.0,1030405.0,48152.0,77733.0
"7BD38807-9E5A-45B9-BED6-7DA769653DAF","2024-02-15T23:40:00","2024-02-15T18:20:00",12200.8,16517.0,3370716.0,38772.0,119130.0
"A523F0EE-E5AC-43E9-A2C3-7E6A4E7FD9EE","2024-02-15T23:40:00","2024-02-15T18:19:00",72782.7,35443.0,26049445.0,1033833.0,1186783.0
"09BBE9E8-047D-40C9-A624-7EF241C610EB","2024-02-15T23:30:00","2024-02-15T18:20:00",33123.9,56832.0,13253115.0,296140.0,420193.0
"09BBE9E8-047D-40C9-A624-7EF241C610EB","2024-02-15T23:40:00","2024-02-15T18:20:00",33124.1,56833.0,13253115.0,296140.0,420193.0
"6EFC5262-4D30-470E-B5C5-7FCD9E3D5762","2024-02-15T23:30:00","2024-02-15T18:20:00",14836.3,9298.0,1797877.0,58725.0,111341.0
"8E64EA93-E0FF-49AF-B577-7FE942618D56","2024-02-15T23:40:00","2024-02-15T18:19:00",78867.4,9709.0,31288205.0,592629.0,1091772.0
"D01DFC07-7EC2-45B2-B6AA-819ED136F57F","2024-02-15T23:40:00","2024-02-15T18:18:00",26672.2,14883.0,7674592.0,102553.0,187867.0
"925C356E-1D22-4156-98B2-84A3D12EC5F8","2024-02-15T23:40:00","2024-02-15T18:20:00",95984.3,16110.0,10610179.0,241908.0,1919488.0
"59788BAE-FC10-4AC9-B26F-859F2B4F44AF","2024-02-15T23:40:00","2024-02-15T18:18:00",24581.5,28515.0,8623672.0,173622.0,218417.0
"B0AC62E9-F145-493D-A66F-87BA6AD7552A","2024-02-15T22:40:00","2024-02-15T18:19:00",29634.4,5267.0,9000979.0,338633.0,492200.0
"DA3378AD-A965-4559-898A-8965F151C009","2024-02-15T23:40:00","2024-02-15T18:20:00",84042.7,39756.0,22600021.0,581877.0,536243.0
"2763FCE5-29DE-4951-905E-8A0FBDBE4876","2024-02-15T23:50:00","2024-02-15T18:25:00",111066.1,22562.0,15010924.0,348859.0,2335215.0
"D4D2979F-22EE-4936-953E-8B3B69816FCA","2024-02-15T23:40:00","2024-02-15T18:20:00",77157.0,23657.0,29028931.0,812501.0,869182.0
"15A5E6D9-B3EE-43B5-ADAD-8BFE1FDC77F3","2024-02-15T23:40:00","2024-02-15T18:19:00",106538.3,47135.0,41186751.0,632441.0,1287973.0
"DA51DB63-8D81-4D76-A5C0-8C79ECB6E562","2024-02-15T23:40:00","2024-02-15T18:19:00",113166.9,33832.0,41310485.0,818793.0,1952363.0
"F60E6586-3712-4794-BD20-8D536DE61806","2024-02-15T23:50:00","2024-02-15T18:23:00",44171.4,6829.0,7315051.0,181647.0,444101.0
"57A559F9-679D-40EF-834D-8EA8E9DE4C9D","2024-02-15T23:50:00","2024-02-15T18:25:00",111562.5,26569.0,14835298.0,311082.0,1997949.0
"20E45C43-E9EB-481E-9F1D-8F91B711AE3D","2024-02-15T23:40:00","2024-02-15T18:22:00",2155.8,1631.0,748072.0,10255.0,22816.0
"2193666A-7B39-484C-8077-9107A791CA3E","2024-02-15T23:40:00","2024-02-15T18:23:00",107524.4,12118.0,18736647.0,471827.0,1192440.0
"D94508E8-F9A3-4EC7-BDB7-917D4D9089F6","2024-02-15T23:40:00","2024-02-15T18:20:00",96840.5,41539.0,33600098.0,1552221.0,1575134.0
"4F68CBDF-D339-4181-BA7B-928296499151","2024-02-15T23:40:00","2024-02-15T18:19:00",116646.7,39509.0,44167832.0,932221.0,1965270.0
"694885DB-460C-4F6F-B105-93EC53DC458B","2024-02-15T23:40:00","2024-02-15T18:20:00",127010.0,38827.0,36897355.0,621288.0,1028158.0
"EEBCE469-9A9F-460F-8CC8-95DA97DE968F","2024-02-15T23:20:00","2024-02-15T18:19:00",16402.1,10921.0,1706095.0,86866.0,112532.0
"4295ECE8-042E-4BDF-9F83-9862051507FE","2024-02-15T23:40:00","2024-02-15T18:18:00",112759.7,9856.0,44816914.0,1107798.0,1387583.0
"770A1762-5CC2-43B9-98B2-98CBB963624F","2024-02-15T23:40:00","2024-02-15T18:19:00",108431.0,70901.0,41598551.0,692813.0,1250488.0
"A8F5CA6F-7888-451D-93F6-9A98295244D0","2024-02-15T23:50:00","2024-02-15T18:23:00",102027.8,10843.0,18981781.0,515898.0,1141407.0
"1F9BB3F2-7D57-4486-B048-9EBC57367163","2024-02-15T22:40:00","2024-02-15T18:20:00",31842.3,31544.0,11749144.0,291147.0,370826.0
"ADFFB783-8BEB-4DD7-899A-9FF8F53C3C4A","2024-02-16T00:00:00","2024-02-15T18:18:00",18721.3,21096.0,5489248.0,89127.0,193615.0
"ADFFB783-8BEB-4DD7-899A-9FF8F53C3C4A","2024-02-16T00:10:00","2024-02-15T18:18:00",18721.5,21096.0,5489282.0,89130.0,193615.0
"6AB6EB27-3406-4421-AACB-A047C1756934","2024-02-15T23:30:00","2024-02-15T18:25:00",112421.4,24478.0,14247762.0,284203.0,2177224.0
"4A5BC9C8-9791-45C1-BA7B-A0525656BB05","2024-02-15T23:50:00","2024-02-15T18:20:00",68843.5,34993.0,19992934.0,285831.0,547044.0
"1E9A526C-D62F-48DB-B3AD-A0D899C9E42A","2024-02-15T23:40:00","2024-02-15T18:18:00",108720.1,10211.0,42916982.0,1229150.0,1392971.0
"BED104C5-A2BB-495D-8FAD-A1C9B89CD461","2024-02-15T23:40:00","2024-02-15T18:20:00",3305.5,3125.0,110934.0,12043.0,8524.0
"102E073E-2B46-44A9-B547-A38531C3D9B6","2024-02-15T23:40:00","2024-02-15T18:20:00",110894.6,40321.0,41405223.0,598225.0,1963633.0
"AB94DED9-5503-482E-9A36-A46958339CD8","2024-02-15T23:40:00","2024-02-15T18:18:00",93572.6,58225.0,24896899.0,435159.0,686622.0
"C24DAAB9-F7D4-42A3-B18C-A71BD1278287","2024-02-15T23:40:00","2024-02-15T18:19:00",79415.5,35734.0,24436471.0,534421.0,1805931.0
"54839BBF-DDE6-4BD8-88E0-A80CE60285CD","2024-02-15T23:40:00","2024-02-15T18:19:00",6395.2,5896.0,2782580.0,65362.0,142135.0
"C813C094-671D-4DAB-A219-A8E2F3B16134","2024-02-15T23:50:00","2024-02-15T18:23:00",13278.4,1526.0,2046214.0,67438.0,129010.0
"1B86F603-FBE6-40A2-840B-A8F2DF428528","2024-02-15T23:40:00","2024-02-15T18:19:00",47137.1,22014.0,15206630.0,403725.0,1349880.0
"AE6E6C34-6E17-4360-80CB-A94D528247AA","2024-02-15T23:40:00","2024-02-15T18:20:00",94389.0,26367.0,37970134.0,1017975.0,1622159.0
"24EE77FD-9E75-4730-91FA-A98CA7D1F92D","2024-02-15T23:30:00","2024-02-15T18:20:00",93271.9,43708.0,37203021.0,724996.0,1754721.0
"1D77D571-FED6-4962-BDDD-AB66A25D62A0","2024-02-15T23:40:00","2024-02-15T18:20:00",80587.2,39189.0,35058354.0,791443.0,1133425.0
"715C3397-7DA1-4786-814E-AD846875B1BC","2024-02-15T23:40:00","2024-02-15T18:18:00",127844.1,34667.0,52557125.0,862722.0,2036532.0
"F4280EE1-E9D2-450E-AFAB-ADD292032BFA","2024-02-15T23:50:00","2024-02-15T18:25:00",77643.8,67304.0,17372922.0,462934.0,496690.0
"6C83199D-7B32-4872-9F08-AEA85234623E","2024-02-15T23:40:00","2024-02-15T18:18:00",58771.6,19662.0,21960099.0,751350.0,1185739.0
"D627606E-A2D4-4374-8C2B-AFAAC819F2C4","2024-02-15T23:40:00","2024-02-15T18:19:00",129637.5,12789.0,51556440.0,537416.0,1532211.0
"75F31987-07CB-4D54-9000-B4F3FE1DA473","2024-02-15T23:40:00","2024-02-15T18:24:00",110261.3,37957.0,39820083.0,599773.0,1345048.0
"75F31987-07CB-4D54-9000-B4F3FE1DA473","2024-02-15T23:50:00","2024-02-15T18:24:00",110261.4,37957.0,39820118.0,599773.0,1345049.0
"9D778174-EDF4-466D-9E94-B8ACB6FACDE1","2024-02-15T23:40:00","2024-02-15T18:25:00",89960.9,21599.0,10212653.0,193376.0,1852178.0
"40F5C0A7-A31B-404A-9A28-B91087EC0566","2024-02-15T23:40:00","2024-02-15T18:22:00",120612.8,14180.0,46814008.0,588381.0,1890108.0
"CD42FCB2-73E1-4B28-BB06-B947FDD6CC51","2024-02-15T23:30:00","2024-02-15T18:18:00",127714.1,53975.0,36089326.0,507897.0,1069390.0
"89852928-BFB4-4029-AABE-B9B0E4380B20","2024-02-16T00:00:00","2024-02-15T18:19:00",77999.0,38369.0,26815031.0,405466.0,842385.0
"89852928-BFB4-4029-AABE-B9B0E4380B20","2024-02-16T00:10:00","2024-02-15T18:19:00",77999.2,38369.0,26815070.0,405467.0,842385.0
"D40AD699-047C-4BCF-8628-BA06FD19CAE5","2024-02-15T23:40:00","2024-02-15T18:20:00",125459.9,44679.0,37819351.0,499399.0,1159834.0
"C12B912E-BFA2-4F4F-AC25-BA36431C44F5","2024-02-15T23:40:00","2024-02-15T18:19:00",50298.1,10846.0,18898757.0,370630.0,822297.0
"A267A073-5647-4423-B059-BC537C5E8FDF","2024-02-16T00:10:00","2024-02-15T18:19:00",7339.0,6001.0,2561072.0,36823.0,86971.0
"A267A073-5647-4423-B059-BC537C5E8FDF","2024-02-16T00:20:00","2024-02-15T18:19:00",7339.1,6001.0,2561072.0,36823.0,86971.0
"37E5328E-B5B6-4368-9C3D-BE33FFDFF764","2024-02-15T23:30:00","2024-02-15T18:19:00",14860.2,8393.0,1748523.0,63788.0,103230.0
"F5488808-B4BD-4ACD-816C-BE6E2A92CED5","2024-02-15T23:40:00","2024-02-15T18:19:00",25373.0,20933.0,7815401.0,101459.0,321475.0
"123E9866-5B87-48CD-9E71-BF30FF742BE4","2024-02-15T23:40:00","2024-02-15T18:19:00",2746.1,211.0,625998.0,22420.0,44816.0
"53C0807D-3910-42B4-A5EF-C43A9B7D43AE","2024-02-15T23:20:00","2024-02-15T18:20:00",14933.8,10744.0,1780744.0,63994.0,103294.0
"4062EE95-B27A-4130-AFD6-C5087C937C7D","2024-02-15T23:40:00","2024-02-15T18:20:00",48381.7,40250.0,16256347.0,442308.0,301473.0
"FDADAE71-0806-46E0-9C4C-C524C707C0EB","2024-02-15T23:40:00","2024-02-15T18:22:00",108048.7,66886.0,26108204.0,702562.0,744947.0
"F6A0A83C-CDD2-436A-BDFB-C6510D03C1ED","2024-02-15T23:40:00","2024-02-15T18:19:00",4856.6,5347.0,1892246.0,34490.0,56154.0
"F18D184D-3B34-47E6-B628-C72DBD9AE60E","2024-02-15T23:40:00","2024-02-15T18:20:00",108827.8,76926.0,42438780.0,660437.0,1272213.0
"37224E37-073A-4287-9B97-CB119B11FF97","2024-02-15T23:40:00","2024-02-15T18:18:00",117895.9,48186.0,45774988.0,777722.0,2142300.0
"3E1B84F5-38CF-452D-9258-CBB48012C140","2024-02-15T23:10:00","2024-02-15T18:20:00",85796.5,25656.0,10407419.0,251274.0,1953352.0
"CD7838A7-5313-4593-9AA5-CBE6C55CD06F","2024-02-15T23:40:00","2024-02-15T18:18:00",50817.4,51111.0,14097871.0,409800.0,365237.0
"A40F35E3-EEED-4E2D-935A-CD35F410C017","2024-02-15T23:40:00","2024-02-15T18:20:00",15490.5,6601.0,1845062.0,58955.0,116153.0
"3A856859-1C47-429C-81C8-D120C7C94D6E","2024-02-15T23:40:00","2024-02-15T18:18:00",129045.7,43994.0,39418294.0,481595.0,1167731.0
"ABF311E0-8AB8-4B03-A40A-D16A387D6916","2024-02-15T23:30:00","2024-02-15T18:19:00",5790.1,1302.0,869526.0,23866.0,44925.0
"EA57CEA0-2F2E-4BB0-A2E5-D3550B77EC79","2024-02-15T23:30:00","2024-02-15T18:21:00",85985.7,48472.0,20284007.0,551667.0,460947.0
"0D74AB68-4086-41AF-92DA-D37361F938C6","2024-02-16T00:20:00","2024-02-15T18:19:00",54541.2,4393.0,13215577.0,97902.0,2953473.0
"0D74AB68-4086-41AF-92DA-D37361F938C6","2024-02-16T00:30:00","2024-02-15T18:19:00",54541.3,4393.0,13215598.0,97902.0,2953493.0
"BAC83473-01A4-4E45-85CE-D597ED2F0090","2024-02-15T23:50:00","2024-02-15T18:23:00",106574.8,12139.0,20421693.0,665249.0,1070939.0
"2376EB59-D0E4-484D-A62C-D5EFA8E84123","2024-02-15T23:30:00","2024-02-15T18:24:00",37651.8,16442.0,10491457.0,170590.0,423034.0
"2D5E7748-0C3D-41CF-9C05-D6715A9FBD07","2024-02-15T23:30:00","2024-02-15T18:19:00",16489.6,10449.0,1746571.0,69598.0,104337.0
"06CEDC03-541F-4F03-A4F8-D761ADAFD3B5","2024-02-15T23:50:00","2024-02-15T18:20:00",92460.3,11729.0,33170482.0,698182.0,918371.0
"06CEDC03-541F-4F03-A4F8-D761ADAFD3B5","2024-02-16T00:00:00","2024-02-15T18:20:00",92460.5,11729.0,33170482.0,698182.0,918371.0
"692B4D16-2A87-411C-BCC8-D85A1CF67CF6","2024-02-15T23:50:00","2024-02-15T18:23:00",70931.3,7503.0,11779570.0,384584.0,673509.0
"8C0B6CAD-0421-4C2E-B46B-D8AB91504A9C","2024-02-15T23:40:00","2024-02-15T18:19:00",63539.0,28152.0,24668922.0,514292.0,788541.0
"03ACF7A4-EAE7-4D5C-AEBE-D90CE995BDCB","2024-02-15T23:50:00","2024-02-15T18:23:00",107528.3,12491.0,19108161.0,563296.0,1143682.0
"06566439-FEBC-4A8B-81C4-D9BE2E5804FD","2024-02-15T23:40:00","2024-02-15T18:19:00",119416.4,22087.0,43693535.0,1110044.0,2105713.0
"9922E6E3-AD49-4FA9-B017-DB27E08FFC64","2024-02-15T23:40:00","2024-02-15T18:24:00",125116.5,27775.0,18864367.0,334312.0,2501562.0
"7E65CF1A-9063-4F30-91F5-DB7D4C5EEB0A","2024-02-15T23:50:00","2024-02-15T18:25:00",99275.3,45831.0,22733707.0,527145.0,680153.0
"597F1CE4-4E1D-4166-A9FD-DBC7A3C5BA74","2024-02-15T23:40:00","2024-02-15T18:20:00",6069.4,7056.0,1902301.0,23372.0,49740.0
"31E2D5FF-CCF4-4224-924C-DF156F011A04","2024-02-15T23:40:00","2024-02-15T18:20:00",121943.1,42988.0,50513602.0,283684.0,499815.0
"59057C01-010E-4BCC-8C19-E0B0640F7703","2024-02-15T23:40:00","2024-02-15T18:20:00",130903.2,38863.0,38512366.0,440266.0,723864.0
"1C825BA9-9DB6-4690-924F-E301DB8C0313","2024-02-15T23:40:00","2024-02-15T18:22:00",120190.9,18964.0,39195400.0,507458.0,1683978.0
"A85D7186-4EE5-48C5-B334-E3A8B84AD6F2","2024-02-15T23:40:00","2024-02-15T18:18:00",125457.3,35321.0,55873632.0,1620497.0,2094340.0
"1244A6D3-E434-4CEE-842F-E3B0C6098836","2024-02-15T23:40:00","2024-02-15T18:19:00",26436.9,15736.0,9038931.0,143633.0,304826.0
"24D3F7FE-2FBF-4B73-8A1A-E45469A629DC","2024-02-15T23:40:00","2024-02-15T18:20:00",129956.0,58271.0,41355348.0,932630.0,992567.0
"EA345C20-DEEB-4CF5-BED9-E4F911611887","2024-02-15T23:40:00","2024-02-15T18:18:00",118409.2,12882.0,41426390.0,828128.0,2244825.0
"3072BA16-9392-418F-8C37-E58628E209F7","2024-02-15T23:40:00","2024-02-15T18:20:00",128878.5,39869.0,37170870.0,965141.0,968787.0
"0A28B28D-56C8-4142-89AE-E6203A98037F","2024-02-15T23:40:00","2024-02-15T18:19:00",115293.6,56848.0,36257164.0,974499.0,1915111.0
"B216245D-5B90-49A6-AA6B-E62C862CEB15","2024-02-15T23:30:00","2024-02-15T18:20:00",138735.0,36236.0,17471815.0,350609.0,1863382.0
"5805C6D1-D30F-47EF-93D8-E7E9C6EA8BD7","2024-02-15T23:40:00","2024-02-15T18:21:00",96266.1,43386.0,31505959.0,929518.0,1964902.0
"5805C6D1-D30F-47EF-93D8-E7E9C6EA8BD7","2024-02-15T23:50:00","2024-02-15T18:21:00",96266.2,43387.0,31505959.0,929518.0,1964902.0
"A5D3C2C7-3ED1-4AF4-A884-E7EA87B4B21C","2024-02-15T23:40:00","2024-02-15T18:18:00",1276.0,676.0,638808.0,18463.0,15229.0
"30EA5F34-F36B-4E37-A13B-E8A6939C3046","2024-02-15T23:40:00","2024-02-15T18:20:00",129775.4,43920.0,40183288.0,447304.0,1203613.0
"0C0D599E-6CA4-430D-835D-E8AF93D93E12","2024-02-15T23:20:00","2024-02-15T18:20:00",139038.4,35790.0,15173361.0,342951.0,2297939.0
"35CA26A3-4476-44FA-816C-E9285F507024","2024-02-15T23:20:00","2024-02-15T18:20:00",36705.8,11641.0,4410962.0,178190.0,367320.0
"A7519796-CDCE-4289-BD6E-EA5B670B69FE","2024-02-15T23:00:00","2024-02-15T18:26:00",26233.5,1665.0,6698143.0,174925.0,380451.0
"945CEF71-B4E9-44A0-8353-EB2F10555237","2024-02-15T23:40:00","2024-02-15T18:24:00",112836.5,22612.0,36959203.0,897762.0,1481503.0
"945CEF71-B4E9-44A0-8353-EB2F10555237","2024-02-15T23:50:00","2024-02-15T18:24:00",112836.7,22612.0,36959253.0,897762.0,1481506.0
"1796C7DC-FD92-4186-835D-EDA3954462AA","2024-02-15T23:40:00","2024-02-15T18:18:00",127479.3,21766.0,50347188.0,1356877.0,1647338.0
"369817B7-40CE-4CEB-995B-F001DC1DED1D","2024-02-15T23:30:00","2024-02-15T18:18:00",77994.0,57540.0,21813960.0,300968.0,573493.0
"7E45B66F-1C0D-4CB6-A72C-F19BDF8546C8","2024-02-15T23:00:00","2024-02-15T18:18:00",128431.4,37025.0,36307557.0,616242.0,1077300.0
"632A620D-F00B-46F2-976E-F40B02DB40DF","2024-02-15T23:30:00","2024-02-15T18:19:00",42765.6,14450.0,4472365.0,156366.0,288140.0
"F2432BD1-B21D-4B83-977D-F4A5FE0A1362","2024-02-15T23:30:00","2024-02-15T18:19:00",16450.9,11979.0,1730761.0,58795.0,103432.0
"949F5285-7D84-492E-9EC5-F5A98801B882","2024-02-15T23:40:00","2024-02-15T18:19:00",119816.5,33816.0,48303319.0,1172631.0,1557442.0
"A9FA75F6-436C-4320-BE42-F64876E8B067","2024-02-15T23:40:00","2024-02-15T18:21:00",45968.2,15842.0,41699139.0,756798.0,320581.0
"AAF15B67-035E-4643-8C42-F870C2306F68","2024-02-16T00:00:00","2024-02-15T18:18:00",78821.0,11849.0,18491785.0,397900.0,1669713.0
"AAF15B67-035E-4643-8C42-F870C2306F68","2024-02-16T00:10:00","2024-02-15T18:18:00",78821.2,11849.0,18491796.0,397904.0,1669715.0
"1F75EC26-0190-4477-A19B-F97E1C28AE39","2024-02-15T23:30:00","2024-02-15T18:18:00",126711.8,44500.0,36759040.0,532205.0,1089483.0
"66664D2B-40C5-40B0-A8E1-FA78F8AC7956","2024-02-15T23:40:00","2024-02-15T18:18:00",125291.6,46820.0,34577131.0,483387.0,1068172.0
"139D38A5-A85B-4F44-BB54-FC2C1A97E153","2024-02-15T23:40:00","2024-02-15T18:24:00",115798.2,30920.0,43164934.0,1221653.0,1433337.0
"139D38A5-A85B-4F44-BB54-FC2C1A97E153","2024-02-15T23:50:00","2024-02-15T18:24:00",115798.3,30920.0,43164982.0,1221653.0,1433340.0
"C0615E68-99D3-4870-AA4C-FCD135409D1E","2024-02-15T23:40:00","2024-02-15T18:18:00",111150.3,43342.0,41862432.0,889317.0,1978681.0
"24AB89B6-0889-4E4F-975F-FE6CB2249504","2024-02-15T23:30:00","2024-02-15T18:20:00",31934.8,12328.0,3648751.0,87620.0,253874.0
"2E92E237-109C-4E56-9F64-FF0ABB8A08A8","2024-02-15T23:40:00","2024-02-15T18:21:00",130509.1,44949.0,42543057.0,628162.0,1110215.0
"BAA3DDD7-3280-497A-A470-FF182ABC8B47","2024-02-15T23:40:00","2024-02-15T18:18:00",62820.1,9640.0,24949123.0,316890.0,981342.0